id,name,avatar_url,total_stake,own_stake,delegated_stake,allocated_stake,available_stake,number_of_allocations,number_of_subgraphs,query_fees_earned,indexing_rewards,total_rewards,is_active,is_underserving,is_suspicious,indexer_size,aer,qfr,aer_normalized,qfr_normalized,final_score,performance_flag,penalty
0x0058223c6617cca7ce76fc929ec9724cd43d4542,grassets-tech-2.eth,https://api.thegraph.com/ipfs/api/v0/cat?arg=QmdYKDtquMu1mMXCAbPT9GKqYBDrmZbCNvHGMf86z2ChUJ,5173822.316661214,2999743.2255855203,2174079.091075694,5173822.0,0.3166612144559622,24,24,14267.529848667442,1062551.1819317208,2326864.1719545857,True,False,False,medium,21.557591666666667,0.0027576383278488208,1.39,9.98,1.28,Fair,0.0
0x01f17c392614c7ea586e7272ed348efee21b90a3,oraclegen-indexer.eth,https://api.thegraph.com/ipfs/api/v0/cat?arg=QmVARwoQwcnF8RFRJohirJy6nHKNsRXSNXcGuskefHCZG3,5916323.210716573,3420000.0,2496323.2107165726,11740953.0,-5824629.789283427,5,5,932.5563690435876,1832712.110902416,2349630.911413354,True,True,True,medium,234.81906,7.942765540783508e-05,5.23,10.0,4.96,Poor,1.0
0x089f78d8cf0a5ae1b7a581b1910a73f8cb3e4774,darksiders-team.eth,https://api.thegraph.com/ipfs/api/v0/cat?arg=QmXhGmdGC5sxb9b3p5JTzFqq9iUC7CKPTa7oPXpQ8CTjnk,28643867.151821148,2356551.4812143072,26287315.67060684,28604744.0,39123.15182114765,21,21,13804.28278111514,949341.6237020697,5752744.923189102,True,False,False,large,68.10653333333333,0.0004825871813820512,2.23,10.0,1.86,Fair,0.0
0x0b9d582b7fdd387ba13ad7f453d49af255a8ed5e,dapplooker-indexer.eth,https://api.thegraph.com/ipfs/api/v0/cat?arg=QmWNp5bTnYsEdXZiig2AUVDbF7GmeurzjFFjwU8sbLy7ey,3811085.7412767964,636120.0241284744,3174965.717148322,3984861.0,-173775.25872320356,5,5,2706.8696547465715,166452.07831071116,853363.6396649774,True,True,True,medium,79.69722,0.0006792883502703285,2.43,9.99,3.0,Poor,1.0
0x0fd8fd1dc8162148cb9413062fe6c6b144335dbf,a1.protofire.eth,https://api.thegraph.com/ipfs/api/v0/cat?arg=QmUoehEc4z2RTgu86jmtWeNGg9yu6DfbbdRQma8vxPwZvS,38560236.95216403,5607124.82508255,32953112.127081484,38559724.0,512.9521640315652,56,56,36842.94337767562,4268074.034564456,17174870.35330662,True,False,False,large,34.428325,0.000955477362277687,1.62,9.99,1.44,Fair,0.0
0x17def1a43a323c711c7a32101ecf41e58eff54a2,rampdefi4.eth,,4778125.319661906,1575336.833854131,3202788.4858077755,4777600.0,525.319661905989,1,1,515.1906123779671,1462574.8453533764,1462574.8453533764,True,True,True,medium,477.76,0.00010783460573885782,9.6,10.0,8.82,Poor,1.8
0x1b7e0068ca1d7929c8c56408d766e1510e54d98d,suntzu-indexer-arb.eth,https://api.thegraph.com/ipfs/api/v0/cat?arg=QmZvsLvd86CExcnEmG2HYfs4hA7vBeCrTAJ4mPQRYpUfjy,58602380.971999526,4983635.290948178,53618745.68105135,58593413.0,8967.971999526024,440,440,514061.3832095428,4519541.179154753,12712304.671654703,True,False,False,large,6.658342386363636,0.008773364733157681,1.12,9.92,1.11,Excellent,0.0
0x1b92e4cba0f82c85c1298af861247849988c788c,vincenttaglia-indexer.eth,https://api.thegraph.com/ipfs/api/v0/cat?arg=QmXgN5NKFMxY8qGLMdBMWUfQy1SkNW7wzek4tE9AmXvpQu,2585177.344339313,759898.9774835192,1825278.3668557939,3974227.0,-1389049.655660687,51,51,15589.09412872318,274963.0289519171,1163138.7300572328,True,False,False,medium,7.792601960784314,0.003922547486271715,1.14,9.96,1.11,Excellent,0.0
0x269ebeee083ce6f70486a67dc8036a889bf322a9,thomasblock.eth,https://api.thegraph.com/ipfs/api/v0/cat?arg=QmfFJp96i9AsfiUJTEQ4PwYALBDNnK2qxZoVu3HrXXhrQw,887219.7674853457,100526.53551100811,786693.2319743376,872148.0,15071.767485345714,5,5,8.47126028548967,11432.661527960638,114858.68002598187,True,True,True,small,34.88592,9.713099480236921e-06,1.63,10.0,2.44,Fair,1.0
0x2b3c7d1ef5fdfc0557934019c531d3e70d6200ae,0x2b3c7d1ef5fdfc0557934019c531d3e70d6200ae,,123576131.82550806,123573300.0,2831.825508052205,123576131.0,0.8255080580711365,249,249,2357.769917813063,20174638.137791824,20174638.137791824,True,False,False,large,24.814484136546184,1.9079492930662012e-05,1.45,10.0,1.31,Fair,0.0
0x2e15f3f0d37b191c33ee06e953c8cce4c493b47a,ai.swiftstaking.eth,https://api.thegraph.com/ipfs/api/v0/cat?arg=QmcHcmJTkEFt7P6Duw3ZYr7sLDDCAUE8aEAE12561kBA8R,6016191.070911791,3116489.922737643,2899701.1481741485,4816191.0,1200000.0709117912,4,4,0.03885258235252989,357962.36337033805,676135.2474109372,True,True,True,medium,120.404775,8.067076731909073e-09,3.17,10.0,3.72,Poor,1.2
0x2e8d26e9b0d280738728e71c37bf05e70a636238,moonli.eth,https://api.thegraph.com/ipfs/api/v0/cat?arg=QmPEnVeRvuPtjqarKhRFEfStPzrsreKoR3N7gXQS9SGkxw,5253643.532228869,1924870.8746406173,3328772.6575882523,5160000.0,93643.53222886939,4,4,26.847387536098346,425476.4681312754,795847.681381783,True,True,True,medium,129.0,5.2029820806392145e-06,3.32,10.0,3.82,Poor,1.2
0x2f09092aacd80196fc984908c5a9a7ab3ee4f1ce,p2p-org-arbitrum.eth,https://api.thegraph.com/ipfs/api/v0/cat?arg=QmQXXj2rYSeTup6MDZNzchjauXaGTXtmrqTL9gJD6FNAvT,247281247.8200201,36735725.616492935,210545522.20352718,247180066.99999997,101180.82002013922,99,99,8829.378335659932,9498877.690867126,47484892.623068646,True,False,False,large,124.83841767676766,3.572043022247394e-05,3.25,10.0,2.57,Poor,0.0
0x326c584e0f0eab1f1f83c93cc6ae1acc0feba0bc,graphtronauts-arbitrum.eth,https://api.thegraph.com/ipfs/api/v0/cat?arg=QmTMvpL7D2qRfHM3Kn3KaTTxEVLvsUkkG3YLGTNJvseSqu,31164308.993041266,2395315.741251449,28768993.251789816,31118362.999999996,45945.99304126948,379,379,18978.7389934669,853649.1515635923,5033461.758483567,True,False,False,large,4.105324934036939,0.0006098887333330132,1.07,9.99,1.05,Excellent,0.0
0x32bbd16a94ebb289edceebe77f35acc82664157b,rampdefi3.eth,,15436357.209486837,1054317.9929767775,14382039.21651006,15436000.0,357.2094868365675,1,1,393.30433796319426,2384003.1842206926,2384003.1842206926,True,True,True,medium,1543.6,2.5479679836952207e-05,10.0,10.0,9.1,Poor,1.8
0x345c9a221e4caa15f78fb8078c441745de48a225,0xfury.eth,https://api.thegraph.com/ipfs/api/v0/cat?arg=QmPQcUtUYBNizkQkN7rcVZduRjWaWLb4Wsrs6YwoeqkiLc,8399710.268929327,1033986.7711881195,7365723.497741207,8399827.0,-116.7310706730932,31,31,1111.6517730130267,316384.0624295704,1583378.2811310105,True,False,False,medium,27.096216129032257,0.0001323422224068456,1.49,10.0,1.34,Fair,0.0
0x35917c0eb91d2e21bef40940d028940484230c06,streamingfastindexer.eth,https://api.thegraph.com/ipfs/api/v0/cat?arg=QmcEaBoxbdXD2ogUQZJfdbPMEiWRDChqfHziroYaFzXWjJ,27123100.520866357,18574383.407068696,8548717.11379766,29364055.0,-2240954.479133643,756,756,1723752.6546082385,5964770.078843104,7705201.844782056,True,False,False,large,1.9420671296296297,0.05870281385211404,1.03,9.47,1.18,Excellent,0.0
0x3717cef8020bddee7a18f4efb2bfa88fefdcb1bc,pinax2.eth,https://api.thegraph.com/ipfs/api/v0/cat?arg=QmdFKawEFPYzDVwZrXyJcyaYyCZd6PP9N5NCuTi2XmLJMD,100769.06916971809,100769.06916971809,0.0,3720.0,97049.06916971809,134,134,330.2040625606318,945.6266230451054,945.6266230451054,True,False,False,small,0.005552238805970149,0.0887645329464064,1.0,9.2,1.24,Excellent,0.0
0x3863a65ce278a240f9aa2a4b4a48493be59e6139,indexer.nftx.eth,,153689.78979319174,120750.8678735578,32938.92191963393,13241.0,140448.78979319174,16,16,1162.9322793864415,649.5788568619723,12991.577137239445,True,False,False,small,0.1655125,0.0878281307594926,1.0,9.21,1.24,Excellent,0.0
0x38f412c8d6346a17a53ff9ceecd2e01acecd27c0,graphops.eth,https://api.thegraph.com/ipfs/api/v0/cat?arg=QmVfCRgSLQiQEVwD1Bj47RRpLBQqeSu5UXZFCSsr9LS1qj,35235045.13879486,15264399.136459641,19970646.00233522,24995004.3,10240040.838794861,115,115,14491.687813915734,3257207.515303249,6349512.1072225785,True,False,False,large,10.867393173913044,0.0005797833695077914,1.2,9.99,1.14,Excellent,0.0
0x3b9ba748691f135b71582dc3292e5e3ed7e13341,0x3b9ba748691f135b71582dc3292e5e3ed7e13341,,2327565.4496313063,438948.8145279601,1888616.635103346,2327565.0,0.4496313063427806,46,46,3514.6579880430104,129593.81281981993,364626.3501580277,True,False,False,medium,5.0599239130434785,0.0015100149675918869,1.09,9.99,1.07,Excellent,0.0
0x3e1536fc83cd5bed83a521a26034ff3e59c6a7c4,differential-graph.eth,https://api.thegraph.com/ipfs/api/v0/cat?arg=QmSQ7DQvFhqNP8SkzmyinWucumzFE6ivRhg4jP8WMTsyu3,3974365.182229507,412464.4975276609,3561900.684701846,5301961.0,-1327595.8177704932,152,152,3754.0807934010677,163544.27144160107,783784.7198742713,True,False,False,medium,3.4881322368421053,0.000708055150424733,1.06,9.99,1.04,Excellent,0.0
0x3f74870f80ff7449fe4c6ff257da5fa72734c970,stake🦑squid-2.eth,https://api.thegraph.com/ipfs/api/v0/cat?arg=Qmc5x4ZTDUf67GZPyNJa1TGLAugVhYADHAfaiVLmatKdcA,14581328.616702767,5816489.005190246,8764839.611512521,9409807.0,5171521.616702767,422,422,29556.66815070078,2283620.213492283,4849271.578689957,True,False,False,medium,2.229812085308057,0.0031410493489080894,1.04,9.97,1.04,Excellent,0.0
0x4207df52f7ff229364899b21e9c4ad36d3d42981,lux8-net.eth,https://api.thegraph.com/ipfs/api/v0/cat?arg=QmXJ3suvVjsTr1sJVE9GwDiuJGPMjgaNkm4XFkAaezc83x,457337.5188088607,207959.68120127413,249377.83760758655,445401.0,11936.518808860681,1,1,0.0,47128.32640751412,96790.49165904355,True,True,True,small,89.0802,0.0,2.6,10.0,3.92,Poor,1.8
0x474e571ab6dd77489ec3c7ddf9cbc893fcba684c,allnodescom.eth,,1706741.9627949926,287812.13296536455,1418929.829829628,1596429.9999999998,110311.96279499284,1,1,0.0,2801.3036406792853,87626.06338073894,True,True,True,medium,159.64299999999997,0.0,3.87,10.0,4.81,Poor,1.8
0x4d67938e9b07681526fe0345a45b770bba88c659,4block-team.eth,https://api.thegraph.com/ipfs/api/v0/cat?arg=QmXTBvGkDjCo2JW3yeZxia2cGwV8rq7UuY9nfLATDVhHv7,1750815.267525795,372100.00730100536,1378715.2602247896,1710177.0,40638.267525794916,1,1,27.169611772054775,161917.46219051248,625032.4725502766,True,True,True,medium,171.0177,1.5887017409341125e-05,4.08,10.0,4.96,Poor,1.8
0x4e5c87772c29381bcabc58c3f182b6633b5a274a,indexer.datanexus.eth,https://api.thegraph.com/ipfs/api/v0/cat?arg=QmVK8MRiVVhs6VPYjHvU6NosF5yLb8Cs6a37sLC9ibQhAs,123014707.19166423,9645169.99999,113369537.19167423,122987464.0,27243.191664233804,327,327,205913.72217160865,5752812.186763383,21424048.625704933,True,False,False,large,18.80542262996942,0.001674265941215022,1.34,9.98,1.24,Excellent,0.0
0x51637a35f7f054c98ed51904de939b9561d37885,kolbin.eth,https://api.thegraph.com/ipfs/api/v0/cat?arg=Qmd6iUYuHyPBT4xDQAnKH4UmjwnDhwdjJh6xLsiid3foD1,3112172.857955988,290000.0,2822172.857955988,2665100.0,447072.85795598803,16,16,509.1921683037222,172924.03777734787,968283.1865891876,True,False,False,medium,16.656875,0.00019105931045879036,1.3,10.0,1.21,Excellent,0.0
0x53dbbc9d916b1840a2c4c26b150ba2e13f36e10f,thoalt-indexer.eth,https://api.thegraph.com/ipfs/api/v0/cat?arg=QmcjGuXG1bsenjpu7te3GjzPAgsDL7cbH5K5xn1oXEHS3b,2125309.8682418945,424071.9505683082,1701237.9176735864,2125309.0,0.8682418945245445,90,90,93972.3178442385,369418.2776678462,1044358.0557573261,True,False,False,medium,2.3614544444444445,0.04421583771782762,1.04,9.6,1.15,Excellent,0.0
0x550c1f4814a85aa10f5f061ca8c45e2ee9620226,experimental.infradao.eth,https://api.thegraph.com/ipfs/api/v0/cat?arg=QmQYHkFma7DQxWiCAkgFHNyVBVCJCvuPrVDgTbQH8jXMtP,517928.3231900832,113462.10164067645,404466.22154940676,118168.0,399760.3231900832,1,1,7370.512103017921,65424.87439134106,190575.9091055144,True,True,True,small,23.6336,0.06237316450323201,1.43,9.44,3.27,Poor,1.8
0x59749d1fa9635cd0413aeff5ee295490a7e87f54,0x59749d1fa9635cd0413aeff5ee295490a7e87f54,,4761831.321938747,404690.86574528494,4357140.456193462,4751707.0,10124.321938746609,12,12,0.0,251310.34873930473,1094918.4863592703,True,False,False,medium,39.59755833333333,0.0,1.71,10.0,1.5,Fair,0.0
0x5b3c8f7245dfbd9bea22d9c4b975df60a638e5a3,thegraph.mind-heart-soul.eth,https://api.thegraph.com/ipfs/api/v0/cat?arg=QmPXffPATdwqBh5rmYbSJftWrMHLhev3irfsQqBXF43V3i,5635037.591254163,5350000.0,285037.5912541629,5634900.0,137.59125416260213,15,15,1150.864331014646,1415035.8391618426,1604231.1944848432,True,False,False,medium,37.566,0.00020423864327932104,1.68,10.0,1.48,Fair,0.0
0x5ddee9720e17aad28febb55643cd8ab50c51c60b,maplenodes.eth,https://api.thegraph.com/ipfs/api/v0/cat?arg=QmUhximWcwSEZRyAMf7goH6aBrztLq9mjADcYsEU38URcm,6056055.749531326,2080659.7844026012,3975395.965128725,9894061.0,-3838005.250468674,17,17,1167.9746877580446,498873.8271245807,1800740.7920042397,True,False,False,medium,58.20035882352941,0.0001180480580984941,2.05,10.0,1.73,Fair,0.0
0x600f2b53719e1dbacf340572b31a9df9921b82fa,0x600f2b53719e1dbacf340572b31a9df9921b82fa,https://api.thegraph.com/ipfs/api/v0/cat?arg=QmX88qTPDh3rutSah1vczfG2ZzGEEKz1idvB7vByW8NvNH,1558549.7679681284,900000.0,658549.7679681286,1558549.0,0.7679681284353137,2,2,416.5816104506691,341286.45605726744,341286.45605726744,True,True,True,medium,77.92745,0.000267288106084999,2.4,10.0,3.58,Poor,1.6
0x63c9dc729ba7a22bb8605216b24a34b902e5fe94,infradao.eth,https://api.thegraph.com/ipfs/api/v0/cat?arg=QmccgzLqMEw3irXPPUwooSbNNz74eo7qoiazEMpysKrtkQ,168046419.61491495,11461185.30426737,156585234.31064758,166121586.0,1924833.6149149537,234,234,10188.52105631322,9426725.113761613,27210703.10992691,True,False,False,large,35.496065384615385,6.133171071647017e-05,1.64,10.0,1.45,Fair,0.0
0x6f3ce93a09f30f18d728d2364268b5fe9444b89e,0x6f3ce93a09f30f18d728d2364268b5fe9444b89e,,24891307.693004314,2002591.2545522628,22888716.43845205,24890983.0,324.69300431385636,238,238,1409.3957825640712,5394647.47595673,5394647.47595673,True,False,False,large,5.229198109243698,5.6622744974116576e-05,1.09,10.0,1.06,Excellent,0.0
0x6f8a032b4b1ee622ef2f0fc091bdbb98cfae81a3,indexer.semiotic.eth,https://api.thegraph.com/ipfs/api/v0/cat?arg=QmWtvuWVqLWguaVJNCeWNwydPuSFxY352DNXhTyC1Z6GWG,12157321.454514375,10000498.902996749,2156822.5515176267,12157320.6,0.8545143753290176,14,14,9596.73634050321,1605353.0307224581,1881346.0845058965,True,False,False,medium,86.83800428571428,0.0007893792272372261,2.56,9.99,2.09,Fair,0.0
0x6f9bb7e454f5b3eb2310343f0e99269dc2bb8a1d,cp0x.eth,,6446590.960569439,3611876.1784856166,2834714.7820838233,6446590.929,0.03156943991780281,67,67,14143.260745611362,1064907.0817348552,2600761.573421296,True,False,False,medium,9.62177750597015,0.0021939131707563266,1.17,9.98,1.12,Excellent,0.0
0x735f422922bd4d459ea491f46e1bb9295b89f961,0x735f422922bd4d459ea491f46e1bb9295b89f961,,159513.62937300018,159513.62937300018,0.0,159513.0,0.6293730001780204,1,1,38.26164001488376,12759.411608151786,12759.411608151786,True,True,True,small,31.9026,0.00023986534022232521,1.57,10.0,3.2,Poor,1.8
0x74dbb201ecc0b16934e68377bc13013883d9417b,rickydata-indexer.eth,https://api.thegraph.com/ipfs/api/v0/cat?arg=QmTxVSyLq9ssPf15x8MCWTABzzdEzPK3RRYBLeVnG1HJtq,2452017.814139378,292244.81711255264,2159772.9970268253,2432700.0,19317.81413937779,259,259,4266.162652979282,4766.574706934471,116582.76705797775,True,False,False,medium,0.9392664092664093,0.001753673964310964,1.02,9.98,1.02,Excellent,0.0
0x7bb834017672b1135466661d8dd69c5dd0b3bf51,dataservices.eth,https://api.thegraph.com/ipfs/api/v0/cat?arg=QmNzC3uz1MBGRaQXCp42QW4TZbRy4U1bfZKLmcWGSBeSZz,85993940.5177134,5241361.482347663,80752579.03536573,88990254.0,-2996313.4822866023,713,713,109156.98873268196,2517523.6835482796,13898569.244829087,True,False,False,large,6.2405507713885,0.0012266173409582802,1.11,9.99,1.08,Excellent,0.0
0x7c1023ffa995a37ddb3963206e17dbd58a1b64c1,0x7c1023ffa995a37ddb3963206e17dbd58a1b64c1,,656230.4608857876,656230.4608857876,0.0,615000.0,41230.460885787616,3,3,259.8787848060333,18037.276267854253,18037.276267854253,True,True,True,small,41.0,0.0004225671297659078,1.74,10.0,2.92,Poor,1.4
0x8f689a83dd52eaa1d5ad6a40c46189b4a0d70b06,art3mis-cloud.eth,https://api.thegraph.com/ipfs/api/v0/cat?arg=QmSyQDb3LQgPTqNNyoKCdtdN6AiH6SsmswdRU2LpLkiFg1,550766.9985754607,188885.47926495515,361881.5193105056,405149.0,145617.99857546075,6,6,0.0,27625.685977359317,92085.61992453106,True,True,True,small,13.504966666666666,0.0,1.24,10.0,1.97,Fair,0.8
0x9082f497bdc512d08ffde50d6fce28e72c2addcf,holographic-indexer.eth,https://api.thegraph.com/ipfs/api/v0/cat?arg=QmQ37jh6DVhwxpW3XGUgSY2qkzC894Le45aJaAr7hxwwL8,3237470.5766928266,252470.5766928266,2985000.0,3237402.3000000003,68.27669282630086,33,33,242.2031545107836,80522.62770942703,80522.62770942703,True,False,False,medium,9.810310000000001,7.481404288579877e-05,1.18,10.0,1.13,Excellent,0.0
0x918fcc24e6b7f5ec73b4cf766e2393d8fe707541,dacm.eth,https://api.thegraph.com/ipfs/api/v0/cat?arg=QmPJ8z1LZZyNSz7LWfQUBBswkrLfaMoiv4owbABoGqoevX,8113114.449223199,1810530.9004776366,6302583.548745562,8106200.0,6914.449223198928,28,28,5548.323590451288,420296.6801545118,2551070.2084437045,True,False,False,medium,28.950714285714287,0.0006844543177384333,1.52,9.99,1.37,Fair,0.0
0x91f137715ef8e141d6a8074cbbbc53a0f76b09c5,chainodetech-arbitrum.eth,,3493974.3492497085,300000.0,3193974.3492497085,3493854.0,120.34924970846623,1,1,1081.2167251339506,0.0,418710.9122010756,True,True,True,medium,349.3854,0.0003094624804396379,7.29,10.0,7.2,Poor,1.8
0x920fdeb00ee04dd72f62d8a8f80f13c82ef76c1e,braindexer.eth,https://api.thegraph.com/ipfs/api/v0/cat?arg=QmYmiEYF1rkNthNLdpi831SW97o2LGSeA7FfKGbhLgUTNQ,25548156.41294113,2309513.8648630986,23238642.548078034,25496130.0,52026.41294113174,387,387,31136.68110154508,722333.3985724298,2770198.085897073,True,False,False,large,3.2940736434108526,0.0012212316575709757,1.06,9.99,1.04,Excellent,0.0
0x958ad15ea21fb79b935524cf90c90276031bee20,hashkeycloud.eth,https://api.thegraph.com/ipfs/api/v0/cat?arg=QmfYSx9KKg2Tab2itndWyNKxo1W4ujB4zTSMRNYzCwxFnY,1474198.6376548875,1341812.400171642,132386.23748324544,1469189.0,5009.637654887512,1,1,22.968988349757797,106083.13363429696,115821.91961878263,True,True,True,medium,146.9189,1.5633787313788624e-05,3.64,10.0,4.65,Poor,1.8
0x9da1017766bfeb2835db4f811516eea68996538b,ryabina.eth,,40818703.13393176,2697941.564184171,38120761.56974759,40822530.757,-3827.6230682358146,107,107,8195.976763322375,1535208.6479425393,7703146.736116482,True,False,False,large,19.075948951869158,0.00020077091281061693,1.34,10.0,1.24,Excellent,0.0
0xa01b06b0e9feb016d5ab669ce89d059bc666e569,0xa01b06b0e9feb016d5ab669ce89d059bc666e569,,2898681.7207381576,547857.8683265294,2350823.8524116282,2888398.0,10283.72073815763,2,2,0.0,241384.06388557478,415500.215799669,True,True,True,medium,144.4199,0.0,3.6,10.0,4.42,Poor,1.6
0xa181d0f242b3730f8a244cc94eda05faf17a43e8,0xa181d0f242b3730f8a244cc94eda05faf17a43e8,,422654.9426133194,173906.9326133194,248748.00999999998,418343.0,4311.942613319377,1,1,27.71948997998546,38063.508703039406,38063.508703039406,True,True,True,small,83.6686,6.626019792367856e-05,2.51,10.0,3.86,Poor,1.8
0xa28a99b0219a34142a9398a19460fcd69250a2b2,0xa28a99b0219a34142a9398a19460fcd69250a2b2,,300000.0,300000.0,0.0,200204.1,99795.9,4,4,0.0,0.0,0.0,True,True,True,small,10.010205000000001,0.0,1.18,10.0,2.33,Fair,1.2
0xa4d629ba2ffb3321008d8cec37cca077696bf24d,0xa4d629ba2ffb3321008d8cec37cca077696bf24d,,141156.98595269787,141082.36095269787,74.625,76000.00000000001,65156.985952697854,37,37,5556.386834612817,35711.57858376179,35711.57858376179,True,False,False,small,0.4108108108108109,0.07311035308701073,1.01,9.34,1.21,Excellent,0.0
0xa6ff993e0f6253f1b7f55c873577a2f0f0ceb325,0xa6ff993e0f6253f1b7f55c873577a2f0f0ceb325,,8515900.469147101,8515900.469147101,0.0,8515900.0,0.46914710104465485,38,38,8010.74373860861,947903.3561431849,947903.3561431849,True,False,False,medium,22.410263157894736,0.0009406808133736434,1.4,9.99,1.28,Fair,0.0
0xa9b5da22440dedd72535ec0525582ca0b63be5e1,pdp-indexer.eth,https://api.thegraph.com/ipfs/api/v0/cat?arg=QmTKPCwTix4mphGkQ3VjKRVAuctvUi4oo6F9JzGVEyP8gp,116264.56022070143,100361.17247168842,15903.387749013009,115000.0,1264.5602207014308,1,1,277.44353895972495,53925.707507376384,106731.09755353077,True,True,True,small,23.0,0.0024125525126932603,1.41,9.98,3.09,Poor,1.8
0xaa988dcb035518bc0e20082a3148a5d3dfd1776d,stake🦑squid-1.eth,https://api.thegraph.com/ipfs/api/v0/cat?arg=QmWYdtct6Ma3rUaZV5JpxGf5qCY4cXHMqenf1pxCp7kSen,50694223.690416895,8484583.345381359,42209640.34503554,45087186.0,5607037.690416895,496,496,34940.02775629716,2286386.897864676,7998227.068542511,True,False,False,large,4.545079233870967,0.0007749436337920304,1.08,9.99,1.06,Excellent,0.0
0xaddd3e23599d2b7267067afbcd18830aefca640a,0xaddd3e23599d2b7267067afbcd18830aefca640a,https://api.thegraph.com/ipfs/api/v0/cat?arg=QmSiebU4x5uvwBnSZpaoUkiFa2oULv636zCyzHw6ycxNyz,958930.2630447274,538865.5848910016,420064.6781537258,958848.0,82.26304472738411,1,1,11089.63836631764,149113.52789780425,371471.6551478365,True,True,True,small,191.7696,0.011565585333981653,4.45,9.9,5.24,Poor,1.8
0xb4b4570df6f7fe320f10fdfb702dba7e35244550,nodeify.eth,https://api.thegraph.com/ipfs/api/v0/cat?arg=QmVZeG2yjcdGKXHwZBsq8fYHfEy6nvXs1HtLmys6GyTjg8,8743527.016629621,1063781.3722183183,7679745.644411304,8743527.0,0.016629621386528015,34,34,37280.95147030259,362862.133147931,1627535.68616595,True,False,False,medium,25.71625588235294,0.004263834430922738,1.46,9.96,1.33,Fair,0.0
0xb54c7c9fa1a51300e6054b70ae9952c1fb2800b4,kukisglobal.eth,https://api.thegraph.com/ipfs/api/v0/cat?arg=QmV9ZoGCVtTu8ZUtxUg6ZExdX6HMTmUnHuTimpRApyasci,11396020.779885557,806255.4841905583,10589765.295694998,11396020.0,0.7798855565488338,5,5,0.0,246089.2297921628,1693752.4516425794,True,True,True,medium,227.9204,0.0,5.1,10.0,4.87,Poor,1.0
0xb8ca929e2bd96548cabcabc56cfc9a5147cef0ff,waynewayner.eth,https://api.thegraph.com/ipfs/api/v0/cat?arg=QmNVU1D3LSLDDgahE9Et41sFcePqYzSDPeF8sFKoGh5vd2,4664920.271464976,1500000.0,3164920.2714649756,3338038.0,1326882.2714649756,9,9,0.0,300035.7696552184,706722.58519445,True,True,True,medium,37.08931111111111,0.0,1.67,10.0,1.67,Fair,0.2
0xbdfb5ee5a2abf4fc7bb1bd1221067aef7f9de491,upgradeindexer.eth,https://api.thegraph.com/ipfs/api/v0/cat?arg=QmSTePs8Kh2SMtjJNhrkqTXYYWdWQeYWa6no7cAL4uMA8C,102725.51814702444,99999.99999999999,2725.518147024451,62432.72,40292.79814702444,14378,14378,97887.22391806159,108.59350328958395,108.59350328958395,True,False,False,small,0.0008684479065238559,1.567883377787506,1.0,1.0,3.7,Poor,0.0
0xc55c63563efb36f7cc65ac3060c52987c6694b37,figment-prime.eth,,29114172.877663147,9307688.299560364,19806484.578102782,28954499.7,159673.17766314745,14,14,6802.402092629886,1217876.2829342217,6526086.162600272,True,False,False,large,103.4089275,0.00023493419548291787,2.86,10.0,2.3,Fair,0.0
0xc9014686f6336ad558b539565d5dff840b339082,rampdefigrt.eth,,36379219.65556409,2434300.054641867,33944919.60092223,36368000.0,11219.6555640921,17,17,4505.190620300216,5684595.47292407,5684595.47292407,True,False,False,large,106.96470588235294,0.00012387787671305038,2.93,10.0,2.35,Fair,0.0
0xcba919cf1ee9c537545975d9968718a09d20f071,0xcba919cf1ee9c537545975d9968718a09d20f071,,3664759.3586813854,500000.0,3164759.3586813854,3664759.0,0.35868138540536165,1,1,2235.8208255475115,792901.68016862,792901.68016862,True,True,True,medium,366.4759,0.0006100867275440244,7.6,9.99,7.42,Poor,1.8
0xda20dde459c8d918f81566995d899a046d4d8503,dsrvlabs-indexer-01.eth,https://api.thegraph.com/ipfs/api/v0/cat?arg=QmNeV1pdETzBdzAsL39YRQyVeNwUrJsUbonhY5X92a89Z6,1094954.0981867928,335080.5538604293,759873.5443263636,1030200.0,64754.098186792806,11,11,6818.737370874955,65669.17797187372,168788.4239396148,True,False,False,medium,9.365454545454545,0.006618848156547228,1.17,9.94,1.14,Excellent,0.0
0xdc7daef4d0751a9f6ec28b06d6d9475b13eb0918,bitnordic.eth,https://api.thegraph.com/ipfs/api/v0/cat?arg=QmdPDqs7xGepAqeKxxdnUx47bjtZQvyiGEN6tEYXNJy7SG,4150323.4233827493,1534436.9321728162,2615886.491209933,4333659.54,-183336.11661725072,12,12,2810.855781323884,326958.7901959892,1076174.0687692687,True,False,False,medium,36.1138295,0.0006486102000813576,1.65,9.99,1.46,Fair,0.0
0xdeb712db301285ed483ef9e02dd08a1980f273f1,easy2stake-com.eth,,445584.7881595673,100002.71072818749,345582.07743137976,406034.0,39550.78815956728,2,2,1248.133469075122,271493.0906866436,503962.5592594821,True,True,True,small,40.6034,0.0030739629417120785,1.73,9.97,3.12,Poor,1.6
0xdec965f0604125be05cd8a136c85d02ef344d61a,stakesquid-3.eth,https://api.thegraph.com/ipfs/api/v0/cat?arg=Qme3AVLfwuMZsFsLWWNbJzyJZcUeKJGaGk2hwWx6iQVfPj,6091992.278984193,771109.0760677316,5320883.202916461,6090513.0,1479.2789841927588,390,390,22620.74792857072,623589.3295994998,2353801.3435608796,True,False,False,medium,1.56167,0.003714095664613263,1.03,9.97,1.03,Excellent,0.0
0xdecba5154aab37ae5e381a19f804f3af4d1bcbb5,0y.decisionbasis.eth,https://api.thegraph.com/ipfs/api/v0/cat?arg=Qmd2XkA6A2YGvmboe5ywYZ8caQToG8ubQfZyURoPuNw8wk,34025996.573008075,5042162.739726522,28983833.83328155,37025996.0,-2999999.4269919246,207,207,10801.685318354588,1594045.2425036249,6904282.521984177,True,False,False,large,8.94347729468599,0.00029173247137915175,1.16,10.0,1.11,Excellent,0.0
0xe0ceec6daa59cc951f3f71d6fc4221e55ef6c386,arb.stake-machine.eth,https://api.thegraph.com/ipfs/api/v0/cat?arg=Qmep9GxPJStGzAc3uRLac38ddoGS1CWcZbiqkaz8FoeQ9n,32314436.037988067,3337813.5548946117,28976622.483093455,32314233.000000004,203.037988062948,30,30,2817.548690507174,1020019.7705390328,5202452.752914386,True,False,False,large,53.85705500000001,8.719218836192626e-05,1.97,10.0,1.68,Fair,0.0
0xe13840a2e92e0cb17a246609b432d0fa2e418774,lunanova-indexer.eth,https://api.thegraph.com/ipfs/api/v0/cat?arg=QmNMxGdnk5sKKVwnasZPiDqcZ2dL6LUBFwGzCepTJwWdTn,19376445.185236294,6654021.053013504,12722424.13222279,19376445.18,0.005236294120550156,544,544,15593.855937405819,3967430.8656501328,11197031.90738282,True,False,False,medium,3.5618465404411763,0.0008047841486167702,1.06,9.99,1.04,Excellent,0.0
0xe48b586eeb81bde60f14b0b8d80ddd06c7a24720,0xe48b586eeb81bde60f14b0b8d80ddd06c7a24720,,10029019.539544467,10029019.539544467,0.0,10029016.0,3.539544466882944,3,3,1230.1493361469293,142021.12994727143,142021.12994727143,True,True,True,medium,334.3005333333333,0.00012265902618431652,7.02,10.0,6.61,Poor,1.4
0xe63e935fba572784d5aa40715e372e7948bbdb12,chorusone-thegraph.eth,https://api.thegraph.com/ipfs/api/v0/cat?arg=QmeiTDjGd5YGGN8WT6WwmQE6c43tseiCqED7GWzeYtf7xf,37630539.724509746,3950107.9226898933,33680431.80181985,37583587.82726549,46951.897244252264,11,11,721.9385277438731,643384.7417624698,4289231.611749799,True,False,False,large,170.83449012393407,1.9208877317990743e-05,4.08,10.0,3.16,Poor,0.0
0xe6de2325ef1aac1f058fae59d3c38a472f569846,0xe6de2325ef1aac1f058fae59d3c38a472f569846,,14999009.97,14999004.0,5.97,14999009.0,0.9700000006705523,195,195,6712.620034703449,2828547.513557084,2828547.513557084,True,False,False,medium,7.6917994871794875,0.00044753756962899677,1.14,10.0,1.1,Excellent,0.0
0xe91273727203bcc827521fc8b0c762d435c3c5d0,0xe91273727203bcc827521fc8b0c762d435c3c5d0,,121706563.50122616,121706283.90622616,279.595,64834427.0,56872136.50122616,181,181,3016.097685155743,18086271.04485727,18086271.04485727,True,False,False,large,17.91006270718232,4.652000217655572e-05,1.32,10.0,1.22,Excellent,0.0
0xe9e284277648fcdb09b8efc1832c73c09b5ecf59,0xe9e284277648fcdb09b8efc1832c73c09b5ecf59,,77433175.31259114,5120105.611710288,72313069.70088086,77432652.0,523.3125911355019,261,261,10376.81260991421,2550318.5205098563,12422800.572595911,True,False,False,large,14.833841379310345,0.00013401081251762125,1.27,10.0,1.19,Excellent,0.0
0xeccdf8231326a9c5aad32df76a633aaa4c49b104,catapulta.eth,https://api.thegraph.com/ipfs/api/v0/cat?arg=Qmf5EqXtJ3SBe5q1HmmEzGEUPqTWLoEdmdS4wXT14RKA4R,2228584.4296526005,300000.0004014074,1928584.4292511933,2228190.0,394.42965260054916,35,35,23582.339921180563,130913.73230738993,288581.49440866406,True,False,False,medium,6.366257142857143,0.010583630624489188,1.11,9.9,1.11,Excellent,0.0
0xedca8740873152ff30a2696add66d1ab41882beb,pinax.eth,https://api.thegraph.com/ipfs/api/v0/cat?arg=QmcfnLUavDEGEvv1rRLZaK3epTx5i4DAyjSprQGGj4ijKf,29393191.434276048,2580000.0,26813191.434276048,28929449.0,463742.4342760481,432,432,208446.58580683963,858873.1506865713,4605622.611834484,True,False,False,large,3.3483158564814817,0.007205342411009613,1.06,9.94,1.06,Excellent,0.0
0xeeeee689aa442c607105f29f06d00d2f748776b2,grt.stakecn.eth,https://api.thegraph.com/ipfs/api/v0/cat?arg=QmcXsc64rkHi9rAQPN61qP6UUxYyyACX9WQkPMVNSfzvfD,2136269.707187237,1350526.5239538834,785743.1832333535,2136260.0,9.707187237218022,1,1,0.0,422792.0478468589,425351.12432672107,True,True,True,medium,213.626,0.0,4.85,10.0,5.49,Poor,1.8
0xf00f7157fa8fd0420b87956d46058a16b2f23adc,p2p-org-booster.eth,https://api.thegraph.com/ipfs/api/v0/cat?arg=QmNPkXetfavnymqPwvJ7W7SSNNEspbeDdzHXHyb5kTizgk,23748272.49849559,1811330.4812465534,21936942.017249037,23745514.0,2758.4984955899417,59,59,5956.519082141098,744593.0706482196,3937209.399144378,True,False,False,large,20.123316949152542,0.0002508481847199053,1.36,10.0,1.25,Excellent,0.0
0xf0e33495afe697dbe32168bd0743ba32ebb978a3,blockonaut.eth,https://api.thegraph.com/ipfs/api/v0/cat?arg=QmWqhirSmC1GcdYz61cqj5ahpfX9x7w8ED4rz6LikWcYF1,307609.61868633144,172677.28816789668,134932.33051843473,311500.0,-3890.381313668564,3,3,19.14944035269772,20400.579152628667,35173.412332118394,True,True,True,small,20.766666666666666,6.147492890111628e-05,1.37,10.0,2.66,Poor,1.4
0xf57dcd881ebd1d81df99194abdfa90f9e0e92f11,0xf57dcd881ebd1d81df99194abdfa90f9e0e92f11,https://api.thegraph.com/ipfs/api/v0/cat?arg=QmTqxLqBfqBwALif91Gk1gj1KWt4iaY1vaSyavspXPWcgj,9884089.906755295,3918763.608132269,5965326.298623025,10429694.0,-545604.0932447053,30,30,6047.432194869399,1870494.8624112294,2329369.908761704,True,False,False,medium,34.76564666666667,0.0005798283434652444,1.63,9.99,1.44,Fair,0.0
0xf671c6b83f44ead14ca1c5f4a629f1b9b18c8f29,capitanbeto.eth,https://api.thegraph.com/ipfs/api/v0/cat?arg=QmZsUSxm9Z7XhtapgS4NAAn1rZRKuaaLwBxG6ph2cDsnUn,340637.9892956208,260626.56143947155,80011.42785614928,340621.00000000006,16.989295620762277,6,6,0.0,17145.188773219616,23409.173908212193,True,True,True,small,11.354033333333335,0.0,1.2,10.0,1.94,Fair,0.8
0xf7793bf9561c32ffbac603ce572fa55643f9cf72,0xf7793bf9561c32ffbac603ce572fa55643f9cf72,,7889627.9838186605,3056686.1932504876,4832941.790568173,7889500.0,127.98381866049021,4,4,4230.6425616885535,2707833.5767209716,2707833.5767209716,True,True,True,medium,197.2375,0.0005362370950869578,4.55,10.0,4.68,Poor,1.2
0xf9123292b4d958c53aaad8c5df0138ee0e62944b,figment-prime-2.eth,,160178410.3739581,15265907.241798267,144912503.13215986,159594568.79999998,583841.5739581287,17,17,3299.6254930098225,3328264.6093511474,15848879.09214832,True,False,False,large,469.39579058823523,2.0675048767761216e-05,9.45,10.0,6.91,Poor,0.0
0xf92f430dd8567b0d466358c79594ab58d919a6d4,ellipfra-indexer.eth,https://api.thegraph.com/ipfs/api/v0/cat?arg=QmeyxSkxpgCRVvKB8R5NcdqrgkukPFDKYhChx8dUYkqgaB,97746553.61577107,6100862.233516111,91645691.38225496,97737871.0,8682.615771070123,681,681,812352.7564003825,3858307.0123926904,19129461.150755167,True,False,False,large,7.176055139500734,0.008311545443837042,1.13,9.93,1.11,Excellent,0.0
0xfc842f81490dcb37e82d416b2d28327dfb24ba9a,grassets-tech-1.eth,https://api.thegraph.com/ipfs/api/v0/cat?arg=QmUvcJDne75w59GTUoKzaTr47NaohWyNnbEeCCr8FKkPAo,30740640.645792894,3031930.117329169,27708710.528463725,32740170.0,-1999529.354207106,97,97,22735.625916466848,1671970.5970745126,5455696.972369186,True,False,False,large,16.876376288659795,0.0006944260190605867,1.3,9.99,1.21,Excellent,0.0
0xfeff9093f6b32d0e5cddba743b06a1fedb87c004,p-ops2.eth,https://api.thegraph.com/ipfs/api/v0/cat?arg=QmQauWpDHF9oc3Nth2HcdtYGknMPShrPbABhVzQ3HmQZbX,22491893.75456035,2675210.8223115657,19816682.932248786,23492926.0,-1001032.2454396486,48,48,100684.71460853773,1808274.792474255,7526103.707741845,True,False,False,large,24.471797916666667,0.004285746041533427,1.44,9.96,1.32,Fair,0.0
