id,name,avatar_url,total_stake,own_stake,delegated_stake,allocated_stake,available_stake,number_of_allocations,number_of_subgraphs,query_fees_earned,indexing_rewards,total_rewards,is_active,is_underserving,is_suspicious,indexer_size,aer,qfr,aer_normalized,qfr_normalized,final_score,performance_flag,penalty,delegator_rewards,delegator_rewards_percentage
0x0058223c6617cca7ce76fc929ec9724cd43d4542,grassets-tech-2.eth,https://api.thegraph.com/ipfs/api/v0/cat?arg=QmdYKDtquMu1mMXCAbPT9GKqYBDrmZbCNvHGMf86z2ChUJ,4294103.932428615,2999743.2255855203,1294360.706843095,4233577.0,60526.93242861517,24,24,20185.740940753007,1505535.4860589798,2975295.0985938674,True,False,False,medium,17.639904166666668,0.004768010819397641,1.32,1.14,9.86,Excellent,0.0,1469759.6125348876,49.40%
0x01f17c392614c7ea586e7272ed348efee21b90a3,oraclegen-indexer.eth,https://api.thegraph.com/ipfs/api/v0/cat?arg=QmVARwoQwcnF8RFRJohirJy6nHKNsRXSNXcGuskefHCZG3,8246479.775079293,3420000.0,4826479.775079293,8246479.0,0.7750792931765318,26,26,932.5563690435876,2431165.0585205154,3116878.280154507,True,False,False,medium,31.71722692307692,0.00011308539911925897,1.57,1.0,10.0,Poor,0.0,685713.2216339917,22.00%
0x0874e792462406dc12ee96b75e52a3bdbba3a123,posthuman-validator.eth,https://ipfs.thegraph.com/ipfs/QmPqzRRSvJ5sahcNuBUVSmYiCokufg3qkwDFFQN4Wxo4AQ,247086.24925669385,247086.24925669385,0.0,237179.00000000003,9907.249256693816,1,1,0.5344264042711303,12341.111543378967,12341.111543378967,True,True,True,small,47.43580000000001,2.253261900383804e-06,1.85,1.0,10.0,Poor,2.7,0.0,0.00%
0x089f78d8cf0a5ae1b7a581b1910a73f8cb3e4774,darksiders-team.eth,https://api.thegraph.com/ipfs/api/v0/cat?arg=QmXhGmdGC5sxb9b3p5JTzFqq9iUC7CKPTa7oPXpQ8CTjnk,29474073.283312097,2356551.4812143072,27117521.80209779,29474071.0,2.2833120971918106,16,16,31374.392536125775,1414395.3491887283,8544950.726432743,True,False,False,large,92.106471875,0.0010644743488649998,2.66,1.03,9.97,Fair,0.0,7130555.377244014,83.45%
0x0b9d582b7fdd387ba13ad7f453d49af255a8ed5e,dapplooker-indexer.eth,https://api.thegraph.com/ipfs/api/v0/cat?arg=QmWNp5bTnYsEdXZiig2AUVDbF7GmeurzjFFjwU8sbLy7ey,2163070.566190362,636120.0241284744,1526950.5420618874,2168764.0,-5693.433809638023,8,8,2807.3977872424075,214470.20227559807,1045436.1355245252,True,True,True,medium,27.10955,0.0012944690096490018,1.49,1.04,10.0,Poor,0.6,830965.9332489271,79.49%
0x0ee85c30ff1797d9f041261b88c4a58d6d68fbbf,0x0ee85c30ff1797d9f041261b88c4a58d6d68fbbf,,486322.6258331361,486322.6258331361,0.0,469200.0,17122.625833136088,1,1,15.20456676936999,25023.020426136733,25023.020426136733,True,True,True,small,93.84,3.240530001997014e-05,2.69,1.0,10.0,Poor,2.7,0.0,0.00%
0x0fd8fd1dc8162148cb9413062fe6c6b144335dbf,a1.protofire.eth,https://api.thegraph.com/ipfs/api/v0/cat?arg=QmUoehEc4z2RTgu86jmtWeNGg9yu6DfbbdRQma8vxPwZvS,31530040.61128854,3234237.441889259,28295803.16939928,31336142.62,193897.99128853902,45,45,40945.21905634423,4992392.542407606,20324081.25697249,True,False,False,large,34.81793624444445,0.0013066451590059882,1.63,1.04,9.96,Fair,0.0,15331688.714564886,75.44%
0x17def1a43a323c711c7a32101ecf41e58eff54a2,rampdefi4.eth,,4778125.319661906,1575336.833854131,3202788.4858077755,4778000.0,125.31966190598905,6,6,1317.5939693277833,1773623.4245011925,1773623.4245011925,True,True,True,medium,79.63333333333334,0.0002757626557822903,2.43,1.01,10.0,Poor,1.2,0.0,0.00%
0x1b7e0068ca1d7929c8c56408d766e1510e54d98d,suntzu-indexer-arb.eth,https://api.thegraph.com/ipfs/api/v0/cat?arg=QmZvsLvd86CExcnEmG2HYfs4hA7vBeCrTAJ4mPQRYpUfjy,56266968.996698305,4983635.290948178,51283333.70575013,56202777.0,64191.99669830501,475,475,695150.284596615,6677601.59583933,18878191.576467782,True,False,False,mega,2.958040894736842,0.012368610978005855,1.05,1.37,9.63,Excellent,0.0,12200589.980628453,64.63%
0x1b92e4cba0f82c85c1298af861247849988c788c,vincenttaglia-indexer.eth,https://api.thegraph.com/ipfs/api/v0/cat?arg=QmXgN5NKFMxY8qGLMdBMWUfQy1SkNW7wzek4tE9AmXvpQu,2836408.7835657536,759898.9774835192,2076509.8060822345,2814378.0,22030.783565753605,12,12,15687.208328202152,393251.9510486799,1491475.944014499,True,False,False,medium,23.45315,0.005573952158594955,1.42,1.17,9.83,Excellent,0.0,1098223.992965819,73.63%
0x2121bc6437100fc21d19a9eea30898419e020afa,pillar-p2p-org.eth,,106035.0638115571,100007.25649032062,6027.807321236488,5.0,106030.0638115571,60,60,0.0,0.0,0.0,True,False,False,small,1.6666666666666667e-05,0.0,1.0,1.0,10.0,Poor,0.0,0.0,0.00%
0x269ebeee083ce6f70486a67dc8036a889bf322a9,thomasblock.eth,https://api.thegraph.com/ipfs/api/v0/cat?arg=QmfFJp96i9AsfiUJTEQ4PwYALBDNnK2qxZoVu3HrXXhrQw,476750.18592162797,100526.53551100811,376223.65041061986,430000.0,46750.18592162797,1,1,38.538528527607475,15952.370575939885,160055.77050577436,True,True,True,small,86.0,8.962448494792435e-05,2.55,1.0,10.0,Poor,2.7,144103.39992983447,90.03%
0x2b3c7d1ef5fdfc0557934019c531d3e70d6200ae,0x2b3c7d1ef5fdfc0557934019c531d3e70d6200ae,,123576100.30824482,123573300.0,2800.3082448276245,123576100.0,0.30824482440948486,167,167,9796.776979954402,29280158.929120097,29280158.929120097,True,False,False,mega,18.49941616766467,7.927727918225614e-05,1.33,1.0,10.0,Poor,0.0,0.0,0.00%
0x2e15f3f0d37b191c33ee06e953c8cce4c493b47a,ai.swiftstaking.eth,https://api.thegraph.com/ipfs/api/v0/cat?arg=QmcHcmJTkEFt7P6Duw3ZYr7sLDDCAUE8aEAE12561kBA8R,6225718.519399539,3116489.922737643,3109228.596661896,5025717.999999999,1200000.5193995396,5,5,0.03885258235252989,552740.916293272,1081923.8993337164,True,True,True,medium,100.51435999999998,7.730752571578807e-09,2.81,1.0,10.0,Poor,1.5,529182.9830404443,48.91%
0x2e8d26e9b0d280738728e71c37bf05e70a636238,moonli.eth,https://api.thegraph.com/ipfs/api/v0/cat?arg=QmPEnVeRvuPtjqarKhRFEfStPzrsreKoR3N7gXQS9SGkxw,3608595.5037657875,124870.87464061742,3483724.62912517,2122804.0,1485791.5037657875,4,4,205.20921565686834,581519.0526311214,1107932.850381475,True,True,True,medium,53.0701,9.666894148346637e-05,1.96,1.0,10.0,Poor,1.8,526413.7977503536,47.51%
0x2f09092aacd80196fc984908c5a9a7ab3ee4f1ce,p2p-org-arbitrum.eth,https://api.thegraph.com/ipfs/api/v0/cat?arg=QmQXXj2rYSeTup6MDZNzchjauXaGTXtmrqTL9gJD6FNAvT,273277482.2943098,36735725.616492935,236541756.67781684,275981746.0,-2704263.705690205,507,507,12127.812159840681,14218979.30493684,66841019.47724423,True,False,False,mega,13.608567357001972,4.3944254776331046e-05,1.24,1.0,10.0,Poor,0.0,52622040.17230739,78.73%
0x326c584e0f0eab1f1f83c93cc6ae1acc0feba0bc,graphtronauts-arbitrum.eth,https://api.thegraph.com/ipfs/api/v0/cat?arg=QmTMvpL7D2qRfHM3Kn3KaTTxEVLvsUkkG3YLGTNJvseSqu,30937017.80751909,2114645.004617527,28822372.802901562,30930120.0,6897.807519089431,238,238,18978.7389934669,1771152.7327812652,8519541.945640389,True,False,False,large,6.497924369747899,0.0006136005613126266,1.12,1.02,9.98,Poor,0.0,6748389.212859124,79.21%
0x32bbd16a94ebb289edceebe77f35acc82664157b,rampdefi3.eth,,15436367.159486838,1054317.9929767775,14382049.16651006,15436000.0,367.1594868376851,8,8,393.30433796319426,3335723.6355596925,3335723.6355596925,True,True,True,medium,192.95,2.5479679836952207e-05,4.47,1.0,10.0,Poor,0.6,0.0,0.00%
0x35917c0eb91d2e21bef40940d028940484230c06,streamingfastindexer.eth,https://api.thegraph.com/ipfs/api/v0/cat?arg=QmcEaBoxbdXD2ogUQZJfdbPMEiWRDChqfHziroYaFzXWjJ,23607277.038486637,18574383.407068696,5032893.631417942,18434122.0,5173155.038486637,750,750,4691469.047307344,8503986.312138408,10915793.964970568,True,False,False,large,1.2289414666666667,0.2544991861997737,1.02,8.63,2.37,Fair,0.0,2411807.65283216,22.09%
0x3717cef8020bddee7a18f4efb2bfa88fefdcb1bc,pinax2.eth,https://api.thegraph.com/ipfs/api/v0/cat?arg=QmdFKawEFPYzDVwZrXyJcyaYyCZd6PP9N5NCuTi2XmLJMD,100818.81916971809,100769.06916971809,49.75,1024.0,99794.81916971809,34,34,2250.1065516294902,5526.577808996601,5526.577808996601,True,False,False,small,0.006023529411764706,2.197369679325674,1.0,10.0,1.0,Poor,0.0,0.0,0.00%
0x3863a65ce278a240f9aa2a4b4a48493be59e6139,indexer.nftx.eth,,165604.22232918348,120777.67680729543,44826.54552188804,12041.0,153563.22232918348,13,13,1162.9322793864415,676.387790599608,13527.755811992161,True,False,False,small,0.18524615384615384,0.09658103806880171,1.0,3.9,7.1,Excellent,0.0,12851.368021392553,95.00%
0x38f412c8d6346a17a53ff9ceecd2e01acecd27c0,graphops.eth,https://api.thegraph.com/ipfs/api/v0/cat?arg=QmVfCRgSLQiQEVwD1Bj47RRpLBQqeSu5UXZFCSsr9LS1qj,19037144.7840244,16017163.030821618,3019981.753202781,6835369.9,12201774.884024398,38,38,20677.697235501088,4021118.497071064,7865616.738850202,True,False,False,medium,17.987815526315792,0.0030251028895306874,1.32,1.09,9.91,Excellent,0.0,3844498.2417791383,48.88%
0x3b9ba748691f135b71582dc3292e5e3ed7e13341,tehn-r.eth,,2592783.897561062,481316.08849581465,2111467.8090652474,2585344.0,7439.897561062127,78,78,4913.778527514753,245261.57979821038,704791.5467056552,True,False,False,medium,3.3145435897435895,0.001900628515011833,1.06,1.06,9.94,Fair,0.0,459529.96690744476,65.20%
0x3e1536fc83cd5bed83a521a26034ff3e59c6a7c4,differential-graph.eth,https://api.thegraph.com/ipfs/api/v0/cat?arg=QmSQ7DQvFhqNP8SkzmyinWucumzFE6ivRhg4jP8WMTsyu3,5652311.100729192,412464.4975276609,5239846.603201531,5647172.0,5139.100729191676,248,248,6280.465558691117,283634.4942452356,1361617.0858334696,True,False,False,medium,2.2770854838709678,0.0011121434868091703,1.04,1.03,9.97,Fair,0.0,1077982.591588234,79.17%
0x3f74870f80ff7449fe4c6ff257da5fa72734c970,stakeðŸ¦‘squid-2.eth,https://api.thegraph.com/ipfs/api/v0/cat?arg=Qmc5x4ZTDUf67GZPyNJa1TGLAugVhYADHAfaiVLmatKdcA,4681304.894815818,650000.0051902452,4031304.8896255735,4286282.0,395022.8948158184,350,350,29556.66815070078,2606691.5264796293,5643784.442490392,True,False,False,medium,1.224652,0.006895642459059105,1.02,1.21,9.79,Excellent,0.0,3037092.916010763,53.81%
0x474e571ab6dd77489ec3c7ddf9cbc893fcba684c,allnodescom.eth,,1447065.968532213,287814.4108704916,1159251.5576617215,1323414.0000000002,123651.96853221278,1,1,0.0,2803.5815458062925,201521.31973107866,True,True,True,medium,132.34140000000002,0.0,3.38,1.0,10.0,Poor,2.7,198717.73818527238,98.61%
0x4d67938e9b07681526fe0345a45b770bba88c659,4block-team.eth,https://api.thegraph.com/ipfs/api/v0/cat?arg=QmXTBvGkDjCo2JW3yeZxia2cGwV8rq7UuY9nfLATDVhHv7,1853678.8419158058,372100.00730100536,1481578.8346148005,1833978.0,19700.841915805824,1,1,39.65559677338983,215702.79270226546,783224.6211142561,True,True,True,medium,183.3978,2.1622722177359723e-05,4.3,1.0,10.0,Poor,2.7,567521.8284119907,72.46%
0x4e5c87772c29381bcabc58c3f182b6633b5a274a,indexer.datanexus.eth,https://api.thegraph.com/ipfs/api/v0/cat?arg=QmVK8MRiVVhs6VPYjHvU6NosF5yLb8Cs6a37sLC9ibQhAs,99578203.36718605,9645169.99999,89933033.36719605,99564021.0,14182.367186054587,63,63,268727.95966535853,8417801.938641138,31278668.928221527,True,False,False,mega,39.50953214285714,0.0026990468742253645,1.71,1.08,9.92,Excellent,0.0,22860866.98958039,73.09%
0x51637a35f7f054c98ed51904de939b9561d37885,kolbin.eth,https://api.thegraph.com/ipfs/api/v0/cat?arg=Qmd6iUYuHyPBT4xDQAnKH4UmjwnDhwdjJh6xLsiid3foD1,2180149.3057092656,290000.0,1890149.3057092656,2180100.0,49.30570926563814,6,6,8635.816390728616,214415.78211272697,1190950.0247235785,True,True,True,medium,36.335,0.003961201958959964,1.65,1.12,10.0,Poor,1.2,976534.2426108515,82.00%
0x53dbbc9d916b1840a2c4c26b150ba2e13f36e10f,thoalt-indexer-arb.eth,https://api.thegraph.com/ipfs/api/v0/cat?arg=QmcjGuXG1bsenjpu7te3GjzPAgsDL7cbH5K5xn1oXEHS3b,1242059.4743008458,424071.9505683082,817987.5237325375,1242049.0,10.47430084575899,81,81,133517.21572081212,461874.0703621891,1234251.4809644856,True,False,False,medium,1.5333938271604939,0.10749754294783227,1.03,4.22,6.78,Excellent,0.0,772377.4106022965,62.58%
0x550c1f4814a85aa10f5f061ca8c45e2ee9620226,experimental.infradao.eth,https://ipfs.thegraph.com/ipfs/QmQYHkFma7DQxWiCAkgFHNyVBVCJCvuPrVDgTbQH8jXMtP,15076314.736066159,1015743.2606370514,14060571.475429108,15072514.0,3800.736066158861,42,42,8359.69793948165,296909.3202586188,433191.31695530796,True,False,False,medium,35.886938095238094,0.0005546319571825676,1.65,1.02,9.98,Poor,0.0,136281.99669668917,31.46%
0x5af569b692b0598721461027dbbecde74d465d99,0x5af569b692b0598721461027dbbecde74d465d99,,5039484.533437364,4044484.533437364,995000.0,5039484.0,0.5334373638033867,62,62,11966.121405741227,546149.6496514205,546149.6496514205,True,False,False,medium,8.1282,0.002374473538509345,1.15,1.07,9.93,Poor,0.0,0.0,0.00%
0x5b3c8f7245dfbd9bea22d9c4b975df60a638e5a3,thegraph.mind-heart-soul.eth,https://api.thegraph.com/ipfs/api/v0/cat?arg=QmPXffPATdwqBh5rmYbSJftWrMHLhev3irfsQqBXF43V3i,5643007.734819884,5350000.0,293007.7348198847,5641500.0,1507.734819884412,15,15,1150.864331014646,1942759.4460383866,2159729.7280391,True,False,False,medium,37.61,0.00020399970415929203,1.68,1.01,9.99,Poor,0.0,216970.28200071328,10.05%
0x5ddee9720e17aad28febb55643cd8ab50c51c60b,maplenodes.eth,https://api.thegraph.com/ipfs/api/v0/cat?arg=QmUhximWcwSEZRyAMf7goH6aBrztLq9mjADcYsEU38URcm,6202978.7322156625,2080659.7844026012,4122318.9478130615,6156974.0,46004.73221566249,13,13,2144.0388392417276,779548.5911825101,2460619.4862578204,True,False,False,medium,47.36133846153846,0.0003482293151216373,1.85,1.01,9.99,Poor,0.0,1681070.8950753103,68.32%
0x600f2b53719e1dbacf340572b31a9df9921b82fa,0x600f2b53719e1dbacf340572b31a9df9921b82fa,https://api.thegraph.com/ipfs/api/v0/cat?arg=QmX88qTPDh3rutSah1vczfG2ZzGEEKz1idvB7vByW8NvNH,1558524.8929681284,900000.0,658524.8929681286,1558524.0,0.8929681284353137,2,2,3916.216345266977,483937.20874681807,483937.20874681807,True,True,True,medium,77.9262,0.002512772562544418,2.4,1.08,10.0,Poor,2.4,0.0,0.00%
0x63c9dc729ba7a22bb8605216b24a34b902e5fe94,infradao.eth,https://api.thegraph.com/ipfs/api/v0/cat?arg=QmccgzLqMEw3irXPPUwooSbNNz74eo7qoiazEMpysKrtkQ,18510110.653315745,11461185.30426737,7048925.349048377,18501697.0,8413.653315745294,25,25,26759.498082470483,12456287.505589494,33940366.810257524,True,False,False,medium,74.006788,0.0014463266846533312,2.33,1.04,9.96,Fair,0.0,21484079.30466803,63.30%
0x6f3ce93a09f30f18d728d2364268b5fe9444b89e,0x6f3ce93a09f30f18d728d2364268b5fe9444b89e,,24891242.36142191,2002591.2545522628,22888651.106869645,24891053.0,189.36142190918326,409,409,1409.3957825640712,7992515.489677971,7992515.489677971,True,False,False,large,3.0429160146699266,5.6622585736492194e-05,1.05,1.0,10.0,Poor,0.0,0.0,0.00%
0x6f8a032b4b1ee622ef2f0fc091bdbb98cfae81a3,indexer.semiotic.eth,https://api.thegraph.com/ipfs/api/v0/cat?arg=QmWtvuWVqLWguaVJNCeWNwydPuSFxY352DNXhTyC1Z6GWG,11257965.378571749,10000498.902996749,1257466.4755750005,11256146.299999999,1819.078571749851,11,11,65032.039818384015,2452774.555109846,2866946.7859542547,True,False,False,medium,102.32860272727272,0.005777469311889098,2.84,1.17,9.83,Fair,0.0,414172.23084440874,14.45%
0x6f9bb7e454f5b3eb2310343f0e99269dc2bb8a1d,cp0x.eth,,5461350.187094486,3611876.1784856166,1849474.0086088695,5461350.166,0.021094486117362976,42,42,20224.69238959188,1428875.0067466723,3147126.404804451,True,False,False,medium,13.003214680952382,0.003703240366366188,1.23,1.11,9.89,Excellent,0.0,1718251.3980577786,54.60%
0x735f422922bd4d459ea491f46e1bb9295b89f961,0x735f422922bd4d459ea491f46e1bb9295b89f961,,164838.15534250284,164838.15534250284,0.0,164838.0,0.15534250283963047,1,1,38.26164001488376,18083.937577654455,18083.937577654455,True,True,True,small,32.9676,0.00023211662368436743,1.59,1.01,10.0,Poor,2.7,0.0,0.00%
0x74dbb201ecc0b16934e68377bc13013883d9417b,rickydata-indexer.eth,https://api.thegraph.com/ipfs/api/v0/cat?arg=QmTxVSyLq9ssPf15x8MCWTABzzdEzPK3RRYBLeVnG1HJtq,2615065.0925606173,299956.6372525965,2315108.4553080206,2612970.0,2095.092560617253,175,175,14583.77806357077,4766.574706934471,411287.7237878769,True,False,False,medium,1.4931257142857144,0.005581303292257764,1.03,1.17,9.83,Excellent,0.0,406521.14908094244,98.84%
0x7bb834017672b1135466661d8dd69c5dd0b3bf51,dataservices.eth,https://api.thegraph.com/ipfs/api/v0/cat?arg=QmNzC3uz1MBGRaQXCp42QW4TZbRy4U1bfZKLmcWGSBeSZz,87326066.8367558,5241361.482347663,82084705.35440813,87323802.0,2264.836755797267,930,930,222106.17188852932,4286441.994524335,22722398.83730481,True,False,False,mega,2.3474140322580643,0.0025434780300625176,1.04,1.08,9.92,Excellent,0.0,18435956.842780475,81.14%
0x8bbe94c2894f76406568dfb44e905dac4b7df699,0x8bbe94c2894f76406568dfb44e905dac4b7df699,,181305313.1830613,15847513.04237725,165457800.14068404,180907308.97594503,398004.207116276,210,210,1506.0451990690306,646014.5170444477,646014.5170444477,True,False,False,mega,21.536584401898217,8.324954959499658e-06,1.39,1.0,10.0,Poor,0.0,0.0,0.00%
0x8cc22436ba6f07a4d5dd2043e3109267eee5aab8,0x8cc22436ba6f07a4d5dd2043e3109267eee5aab8,,355799.463595247,101000.0,254799.463595247,355164.0,635.4635952470126,26,26,86.03660395566055,5361.886073344087,26809.430366720433,True,False,False,small,2.7320307692307693,0.00024224472062388236,1.05,1.01,9.99,Poor,0.0,21447.544293376348,80.00%
0x8f689a83dd52eaa1d5ad6a40c46189b4a0d70b06,art3mis-cloud.eth,https://api.thegraph.com/ipfs/api/v0/cat?arg=QmSyQDb3LQgPTqNNyoKCdtdN6AiH6SsmswdRU2LpLkiFg1,468192.95585505327,190423.45261894696,277769.5032361063,505149.0,-36956.04414494673,7,7,84.43200010680421,29138.329731319092,97127.76577106363,True,True,True,small,14.432828571428571,0.0001671427640296313,1.26,1.01,10.0,Poor,0.9,67989.43603974453,70.00%
0x9082f497bdc512d08ffde50d6fce28e72c2addcf,holographic-indexer.eth,https://ipfs.thegraph.com/ipfs/QmNsGtgz32uvA3xGPQbEHF789bVGhMoi7KsUybJhh82c6U,5986118.07190881,402470.57669282664,5583647.495215983,5986017.4,100.67190880980343,471,471,21090.094790565396,729558.6317073571,740211.1269233404,True,False,False,medium,1.2709166454352443,0.00352322644277068,1.02,1.11,9.89,Poor,0.0,10652.495215983246,1.44%
0x920fdeb00ee04dd72f62d8a8f80f13c82ef76c1e,braindexer.eth,https://api.thegraph.com/ipfs/api/v0/cat?arg=QmYmiEYF1rkNthNLdpi831SW97o2LGSeA7FfKGbhLgUTNQ,26070289.13480034,1609513.8648630988,24460775.269937243,26053909.999999996,16379.134800344706,247,247,47887.72199181721,1343078.1709569425,5201249.908504235,True,False,False,large,5.2740708502024285,0.0018380243883477458,1.09,1.06,9.94,Fair,0.0,3858171.7375472924,74.18%
0x9da1017766bfeb2835db4f811516eea68996538b,ryabina.eth,,41051144.446686365,2697941.564184171,38353202.88250219,41159968.828999996,-108824.38231363147,88,88,13174.363622620323,2196471.236227877,11304598.662946926,True,False,False,large,23.38634592556818,0.0003200771039782248,1.42,1.01,9.99,Poor,0.0,9108127.426719049,80.57%
0xa01b06b0e9feb016d5ab669ce89d059bc666e569,0xa01b06b0e9feb016d5ab669ce89d059bc666e569,,3018192.61375647,758464.9880249234,2259727.6257315464,3015427.0,2765.6137564699166,2,2,0.0,451991.18358396884,665557.8138490223,True,True,True,medium,150.77135,0.0,3.71,1.0,10.0,Poor,2.4,213566.63026505342,32.09%
0xa181d0f242b3730f8a244cc94eda05faf17a43e8,0xa181d0f242b3730f8a244cc94eda05faf17a43e8,,474368.5730663991,225620.56306639913,248748.00999999998,474272.0,96.57306639908347,11,11,27.71948997998546,73188.43868641913,73188.43868641913,True,False,False,small,8.623127272727272,5.8446397805448056e-05,1.16,1.0,10.0,Poor,0.0,0.0,0.00%
0xa28a99b0219a34142a9398a19460fcd69250a2b2,0xa28a99b0219a34142a9398a19460fcd69250a2b2,,300000.0,300000.0,0.0,200204.1,99795.9,4,4,0.0,0.0,0.0,True,True,True,small,10.010205000000001,0.0,1.18,1.0,10.0,Poor,1.8,0.0,0.00%
0xa4d629ba2ffb3321008d8cec37cca077696bf24d,0xa4d629ba2ffb3321008d8cec37cca077696bf24d,,187027.33828535382,186952.71328535382,74.625,186410.0,617.3382853538205,44,44,15194.445237875207,75465.90837444048,75465.90837444048,True,False,False,small,0.8473181818181819,0.08151089124979993,1.02,3.45,7.55,Poor,0.0,0.0,0.00%
0xa6ff993e0f6253f1b7f55c873577a2f0f0ceb325,0xa6ff993e0f6253f1b7f55c873577a2f0f0ceb325,,8515900.469147101,8515900.469147101,0.0,8515900.0,0.46914710104465485,15,15,9353.441486993286,1596138.2699250183,1596138.2699250183,True,False,False,medium,56.772666666666666,0.0010983503196365957,2.02,1.03,9.97,Poor,0.0,0.0,0.00%
0xaa988dcb035518bc0e20082a3148a5d3dfd1776d,stakeðŸ¦‘squid-1.eth,https://api.thegraph.com/ipfs/api/v0/cat?arg=QmWYdtct6Ma3rUaZV5JpxGf5qCY4cXHMqenf1pxCp7kSen,33098658.163155954,2850000.3453813577,30248657.817774598,32121263.0,977395.1631559543,331,331,34940.02775629716,4217753.42131505,12663297.629558574,True,False,False,large,4.8521545317220545,0.0010877538581312062,1.09,1.03,9.97,Fair,0.0,8445544.208243525,66.69%
0xaddd3e23599d2b7267067afbcd18830aefca640a,0xaddd3e23599d2b7267067afbcd18830aefca640a,https://api.thegraph.com/ipfs/api/v0/cat?arg=QmSiebU4x5uvwBnSZpaoUkiFa2oULv636zCyzHw6ycxNyz,978810.4406247211,538865.5848910016,439944.85573371954,978948.0,-137.55937527888454,1,1,11656.114504827829,184470.37446079653,429433.6986937254,True,True,True,small,195.7896,0.011906775952172974,4.52,1.36,10.0,Poor,2.7,244963.32423292886,57.04%
0xb4b4570df6f7fe320f10fdfb702dba7e35244550,nodeify.eth,https://api.thegraph.com/ipfs/api/v0/cat?arg=QmVZeG2yjcdGKXHwZBsq8fYHfEy6nvXs1HtLmys6GyTjg8,9445476.796397379,1063781.3722183183,8381695.42417906,9445242.0,234.7963973786682,25,25,52654.97109731756,574789.2336456426,2498139.4466713145,True,False,False,medium,37.780968,0.005574761461624547,1.68,1.17,9.83,Excellent,0.0,1923350.213025672,76.99%
0xb54c7c9fa1a51300e6054b70ae9952c1fb2800b4,kukisglobal.eth,https://api.thegraph.com/ipfs/api/v0/cat?arg=QmV9ZoGCVtTu8ZUtxUg6ZExdX6HMTmUnHuTimpRApyasci,6948605.311466173,806255.4841905583,6142349.827275615,11947610.0,-4999004.688533827,5,5,0.0,333717.4055037295,2389214.1636391403,True,True,True,medium,238.9522,0.0,5.3,1.0,10.0,Poor,1.5,2055496.758135411,86.03%
0xb8ca929e2bd96548cabcabc56cfc9a5147cef0ff,waynewayner.eth,https://api.thegraph.com/ipfs/api/v0/cat?arg=QmNVU1D3LSLDDgahE9Et41sFcePqYzSDPeF8sFKoGh5vd2,3614987.787377256,230000.0,3384987.787377256,3571198.0,43789.78737725597,7,7,0.0,355354.9576746024,983318.5252913701,True,True,True,medium,51.017114285714285,0.0,1.92,1.0,10.0,Poor,0.9,627963.5676167677,63.86%
0xc55c63563efb36f7cc65ac3060c52987c6694b37,figment-prime.eth,,12189455.868808541,10108060.08579207,2081395.7830164703,30555178.7,-18365722.831191458,12,12,6802.402092629886,2018248.06916593,8036221.6083204765,True,False,False,medium,254.62648916666666,0.0002226268142437631,5.58,1.01,9.99,Poor,0.0,6017973.539154546,74.89%
0xc9014686f6336ad558b539565d5dff840b339082,rampdefigrt.eth,,36292234.87587967,2434300.054641867,33857934.8212378,36292000.0,234.87587966769934,25,25,14145.859541907135,8519004.00611035,8519004.00611035,True,False,False,large,72.584,0.00038977900203645806,2.31,1.01,9.99,Poor,0.0,0.0,0.00%
0xd9819426c82e2b8fc58b9b62a78efe93f78077c6,0xd9819426c82e2b8fc58b9b62a78efe93f78077c6,,83550648.17914923,83550648.17914923,0.0,83550581.0,67.1791492253542,193,193,4153.729632761108,4197992.449516954,4197992.449516954,True,False,False,mega,10.822614119170984,4.97151495901759e-05,1.19,1.0,10.0,Poor,0.0,0.0,0.00%
0xda20dde459c8d918f81566995d899a046d4d8503,dsrvlabs-indexer-01.eth,https://api.thegraph.com/ipfs/api/v0/cat?arg=QmNeV1pdETzBdzAsL39YRQyVeNwUrJsUbonhY5X92a89Z6,934191.2547690091,362036.38540211256,572154.8693668966,1075300.0,-141108.74523099093,13,13,7415.470623219984,92425.08161896416,245233.86293130176,True,False,False,small,16.543076923076924,0.006896187690151571,1.3,1.21,9.79,Excellent,0.0,152808.7813123376,62.31%
0xdc7daef4d0751a9f6ec28b06d6d9475b13eb0918,bitnordic.eth,https://api.thegraph.com/ipfs/api/v0/cat?arg=QmdPDqs7xGepAqeKxxdnUx47bjtZQvyiGEN6tEYXNJy7SG,4377778.384295951,1534436.9321728162,2843341.4521231344,4377884.8,-106.41570404917002,12,12,6566.800165450447,492143.82324570016,1470787.1434221854,True,False,False,medium,36.482373333333335,0.0014999938247462444,1.66,1.04,9.96,Fair,0.0,978643.3201764852,66.54%
0xdeb712db301285ed483ef9e02dd08a1980f273f1,easy2stake-com.eth,,470392.9308294185,100002.71072818749,370390.220101231,461244.0,9148.930829418474,361,361,1248.133469075122,288916.8695830749,552361.9450829023,True,False,False,small,0.2555368421052632,0.0027060156209622716,1.0,1.08,9.92,Excellent,0.0,263445.07549982745,47.69%
0xdec965f0604125be05cd8a136c85d02ef344d61a,stakesquid-3.eth,https://api.thegraph.com/ipfs/api/v0/cat?arg=Qme3AVLfwuMZsFsLWWNbJzyJZcUeKJGaGk2hwWx6iQVfPj,5771727.811296935,771109.0760677316,5000618.7352292035,6026943.0,-255215.1887030648,364,364,22620.74792857072,919949.2153783502,2969679.518650274,True,False,False,medium,1.6557535714285714,0.0037532705931631874,1.03,1.11,9.89,Excellent,0.0,2049730.3032719237,69.02%
0xdecba5154aab37ae5e381a19f804f3af4d1bcbb5,0y.decisionbasis.eth,https://api.thegraph.com/ipfs/api/v0/cat?arg=Qmd2XkA6A2YGvmboe5ywYZ8caQToG8ubQfZyURoPuNw8wk,35166269.41348495,5042162.739726522,30124106.67375843,35166256.0,13.413484953343868,387,387,13220.316288456179,2518424.93809866,10406768.85537574,True,False,False,large,4.543443927648579,0.0003759375546960751,1.08,1.01,9.99,Poor,0.0,7888343.917277081,75.80%
0xe0ceec6daa59cc951f3f71d6fc4221e55ef6c386,arb.stake-machine.eth,https://api.thegraph.com/ipfs/api/v0/cat?arg=Qmep9GxPJStGzAc3uRLac38ddoGS1CWcZbiqkaz8FoeQ9n,34377732.74779083,3337813.5548946117,31039919.192896213,34376900.0,832.7477908283472,30,30,4271.427772890913,1547415.154292692,7839429.671682681,True,False,False,large,57.29483333333334,0.00012425284923570516,2.03,1.0,10.0,Poor,0.0,6292014.5173899885,80.26%
0xe13840a2e92e0cb17a246609b432d0fa2e418774,lunanova-indexer.eth,https://api.thegraph.com/ipfs/api/v0/cat?arg=QmNMxGdnk5sKKVwnasZPiDqcZ2dL6LUBFwGzCepTJwWdTn,14796695.116512554,1000000.0530135041,13796695.06349905,14786510.52,10184.596512554213,827,827,75723.68327822347,4800333.274414986,13338732.472703163,True,False,False,medium,1.7879698331318017,0.0051211327497316435,1.03,1.15,9.85,Excellent,0.0,8538399.198288176,64.01%
0xe48b586eeb81bde60f14b0b8d80ddd06c7a24720,0xe48b586eeb81bde60f14b0b8d80ddd06c7a24720,,46774857.49094655,46774857.49094655,0.0,46774747.0,110.49094655364752,111,111,4244.497441145616,1773790.0018634445,1773790.0018634445,True,False,False,large,21.069705855855855,9.074335433916117e-05,1.38,1.0,10.0,Poor,0.0,0.0,0.00%
0xe63e935fba572784d5aa40715e372e7948bbdb12,chorusone-thegraph.eth,https://api.thegraph.com/ipfs/api/v0/cat?arg=QmeiTDjGd5YGGN8WT6WwmQE6c43tseiCqED7GWzeYtf7xf,39281213.85789056,3950107.9226898933,35331105.93520067,39281213.85789057,-7.450580596923828e-09,7,7,1080.3370571165326,934860.7072960867,6232404.715307245,True,True,True,large,280.58009898493265,2.750263932843107e-05,6.05,1.0,10.0,Poor,0.9,5297544.008011159,85.00%
0xe6de2325ef1aac1f058fae59d3c38a472f569846,0xe6de2325ef1aac1f058fae59d3c38a472f569846,,14999009.97,14999004.0,5.97,14999009.0,0.9700000006705523,38,38,9954.95576869886,3930235.276489764,3930235.276489764,True,False,False,medium,39.471076315789475,0.0006637075668598411,1.71,1.02,9.98,Poor,0.0,0.0,0.00%
0xe91273727203bcc827521fc8b0c762d435c3c5d0,0xe91273727203bcc827521fc8b0c762d435c3c5d0,,90031286.6078278,90031031.8878278,254.72,90031274.0,12.607827797532082,186,186,7130.773107325582,23965127.212104518,23965127.212104518,True,False,False,mega,12.100977688172042,7.92032900403651e-05,1.22,1.0,10.0,Poor,0.0,0.0,0.00%
0xe9e284277648fcdb09b8efc1832c73c09b5ecf59,0xe9e284277648fcdb09b8efc1832c73c09b5ecf59,,116381388.04256096,7501396.611710288,108879991.43085067,116381339.0,49.04256096482277,181,181,16411.59412404836,3827608.9363249918,18578417.0343556,True,False,False,mega,16.074770580110496,0.00014101568400109538,1.29,1.0,10.0,Poor,0.0,14750808.098030608,79.40%
0xeccdf8231326a9c5aad32df76a633aaa4c49b104,catapulta.eth,https://api.thegraph.com/ipfs/api/v0/cat?arg=Qmf5EqXtJ3SBe5q1HmmEzGEUPqTWLoEdmdS4wXT14RKA4R,3760729.467493734,500000.0004014074,3260729.4670923264,3759999.9999999995,729.4674937343225,46,46,36726.892855851176,261994.13600685465,692942.6202403798,True,False,False,medium,8.17391304347826,0.00976779065315191,1.15,1.29,9.71,Excellent,0.0,430948.4842335252,62.19%
0xedca8740873152ff30a2696add66d1ab41882beb,pinax.eth,https://api.thegraph.com/ipfs/api/v0/cat?arg=QmcfnLUavDEGEvv1rRLZaK3epTx5i4DAyjSprQGGj4ijKf,37057017.48152669,3428825.7332731923,33628191.748253495,37056177.0,840.4815266877413,537,537,713971.2458687075,1849012.0376651874,9350088.730414703,True,False,False,large,3.450295810055866,0.019267266719627002,1.06,1.58,9.42,Excellent,0.0,7501076.692749516,80.22%
0xf00f7157fa8fd0420b87956d46058a16b2f23adc,p2p-org-booster.eth,https://api.thegraph.com/ipfs/api/v0/cat?arg=QmNPkXetfavnymqPwvJ7W7SSNNEspbeDdzHXHyb5kTizgk,31489772.265211947,1978130.4812465536,29511641.783965394,31489769.0,3.265211947262287,292,292,15232.675362949409,1183319.6058628997,6408908.189086238,True,False,False,large,5.392083732876713,0.00048373410941659844,1.1,1.01,9.99,Poor,0.0,5225588.583223338,81.54%
0xf7793bf9561c32ffbac603ce572fa55643f9cf72,0xf7793bf9561c32ffbac603ce572fa55643f9cf72,,5349588.724056879,3532257.9962388338,1817330.7278180448,5349000.0,588.7240568790585,3,3,4230.6425616885535,3183405.379709318,3183405.379709318,True,True,True,medium,178.3,0.0007909221465112271,4.21,1.02,10.0,Poor,2.1,0.0,0.00%
0xf9123292b4d958c53aaad8c5df0138ee0e62944b,figment-prime-2.eth,,101439875.42701983,15265907.241798267,86173968.18522157,123428535.80000001,-21988660.372980177,8,8,3299.6254930098225,4177296.5748603176,19891888.4517158,True,True,True,mega,385.714174375,2.673308462766211e-05,7.94,1.0,10.0,Poor,0.6,15714591.876855483,79.00%
0xf92f430dd8567b0d466358c79594ab58d919a6d4,ellipfra-indexer.eth,https://api.thegraph.com/ipfs/api/v0/cat?arg=QmeyxSkxpgCRVvKB8R5NcdqrgkukPFDKYhChx8dUYkqgaB,102732630.28049685,7100862.23351611,95631768.04698074,102742687.0,-10056.71950314939,1286,1286,1435311.2112468951,7414716.632340986,34008129.28857171,True,False,False,mega,1.9973306181959565,0.013969959840031194,1.04,1.42,9.58,Excellent,0.0,26593412.65623072,78.20%
0xfb168335f5a3868a03696904ed38fa95fd167c0e,validatrium.eth,,115384.47442480634,113424.87490474065,1959.599520065684,115384.0,0.4744248063361738,2,2,0.25447455808523445,15777.19432533636,15777.19432533636,True,True,True,small,11.5384,2.2054579325143385e-06,1.21,1.0,10.0,Poor,2.4,0.0,0.00%
0xfc842f81490dcb37e82d416b2d28327dfb24ba9a,grassets-tech-1.eth,https://api.thegraph.com/ipfs/api/v0/cat?arg=QmUvcJDne75w59GTUoKzaTr47NaohWyNnbEeCCr8FKkPAo,31075781.41584573,3031930.117329169,28043851.29851656,32881134.0,-1805352.5841542706,83,83,41993.73381481217,2580669.78752518,8742691.690741116,True,False,False,large,19.807912048192772,0.001277137638100078,1.36,1.04,9.96,Fair,0.0,6162021.903215936,70.48%
0xfeff9093f6b32d0e5cddba743b06a1fedb87c004,p-ops2.eth,https://api.thegraph.com/ipfs/api/v0/cat?arg=QmQauWpDHF9oc3Nth2HcdtYGknMPShrPbABhVzQ3HmQZbX,19542698.611046847,2675210.8223115657,16867487.78873528,19542694.0,4.611046846956015,68,68,161458.32205961357,2755508.373521528,10170844.464616882,True,False,False,medium,28.739255882352943,0.008261825215070838,1.52,1.25,9.75,Excellent,0.0,7415336.0910953535,72.91%
